{
  "object_46": [
    333.1972222385074,
    382.8877343636363,
    434.00566990909095,
    464.362204
  ],
  "object_54": [
    391.2634015630021,
    422.42358522633873,
    422.05406382000814,
    514.237204
  ],
  "object_58": [
    425.3132797284851,
    454.7119583333333,
    426.78073331549086,
    462.315329
  ],
  "object_30": [
    467.209727,
    544.4284769999999,
    361.420965,
    433.87409
  ],
  "object_42": [
    302.26986046430636,
    336.46061234322735,
    431.31532900000013,
    488.784079
  ],
  "object_50": [
    380.5684589713412,
    404.3513415553324,
    429.9353217181084,
    459.252829
  ],
  "object_66": [
    496.67226556300216,
    527.8324492263388,
    422.05406382000814,
    514.237204
  ],
  "object_4": [
    21.75,
    788.25,
    24.457031,
    790.957031
  ],
  "object_6": [
    446.8180309528105,
    852.1436619818783,
    573.1815034578004,
    1022.7944858849783
  ],
  "object_38": [
    605.567034,
    659.410784,
    363.139715,
    432.15534
  ],
  "object_34": [
    553.044253,
    600.403628,
    361.420965,
    433.87409
  ],
  "object_1": [
    -81.0,
    891.0,
    -232.66541881490332,
    1022.7944858849784
  ],
  "object_14": [
    184.965731,
    237.075106,
    363.139715,
    432.15534
  ],
  "object_22": [
    299.093357,
    376.468357,
    363.139715,
    432.15534
  ],
  "object_26": [
    413.035599,
    457.723099,
    363.139715,
    432.15534
  ],
  "object_2": [
    -81.0,
    891.0,
    -80.999999,
    890.999993
  ],
  "object_18": [
    249.142719,
    292.189594,
    363.139715,
    432.15534
  ],
  "object_62": [
    476.74067739597626,
    509.81652421621385,
    439.81156678378625,
    461.534079
  ],
  "object_10": [
    -72.89276594081433,
    429.0930649049794,
    -232.66541881490332,
    300.8887565917041
  ]
}