{
  "object_50": [
    374.839846,
    390.167971,
    471.464288,
    490.026788
  ],
  "object_82": [
    379.804833,
    484.0023148075488,
    252.93211165973906,
    327.3481402306398
  ],
  "object_102": [
    389.637189,
    399.215314,
    528.072193,
    539.587818
  ],
  "object_42": [
    330.210835,
    333.00771,
    472.058038,
    489.401788
  ],
  "object_6": [
    132.539067,
    175.210942,
    374.106293,
    427.871918
  ],
  "object_18": [
    426.903228,
    469.575103,
    374.106293,
    427.871918
  ],
  "object_30": [
    253.938808,
    268.360683,
    472.058038,
    489.401788
  ],
  "object_4": [
    165.839844,
    644.207031,
    158.27238326501543,
    651.3909376188165
  ],
  "object_38": [
    305.437167,
    317.046542,
    471.964288,
    489.589288
  ],
  "object_98": [
    373.269835,
    380.97296,
    528.072193,
    539.587818
  ],
  "object_110": [
    433.561524,
    442.358399,
    529.025101012364,
    539.6192933050454
  ],
  "object_78": [
    315.0272672996056,
    481.3676297866698,
    249.414401,
    381.773776
  ],
  "object_62": [
    468.20832,
    481.64582,
    472.058038,
    489.589288
  ],
  "object_86": [
    418.9915367941378,
    449.06592521808614,
    308.97389408346896,
    326.37939036692177
  ],
  "object_1": [
    -81.0,
    891.0,
    -80.999999,
    890.999993
  ],
  "object_14": [
    323.899265,
    364.35239,
    374.684418,
    427.293793
  ],
  "object_90": [
    341.801647,
    349.676647,
    528.072193,
    539.587818
  ],
  "object_118": [
    461.458391,
    469.005266,
    529.009693,
    539.587818
  ],
  "object_46": [
    346.232679,
    361.092054,
    471.870538,
    489.589288
  ],
  "object_22": [
    537.131043,
    572.224793,
    374.684418,
    427.293793
  ],
  "object_70": [
    523.309373,
    526.106248,
    472.058038,
    489.401788
  ],
  "object_94": [
    357.637047,
    365.340172,
    527.994068,
    539.712818
  ],
  "object_74": [
    539.331225,
    557.081225,
    471.870538,
    489.589288
  ],
  "object_54": [
    420.262161,
    431.871536,
    471.964288,
    489.589288
  ],
  "object_58": [
    443.801458,
    455.410833,
    472.058038,
    489.401788
  ],
  "object_10": [
    242.766864,
    253.126239,
    374.684418,
    427.293793
  ],
  "object_34": [
    281.602609,
    293.446359,
    472.058038,
    489.401788
  ],
  "object_66": [
    495.645567,
    510.067442,
    472.058038,
    489.401788
  ],
  "object_114": [
    450.062227,
    452.952852,
    529.134693,
    539.587818
  ],
  "object_106": [
    418.41748999999993,
    425.964365,
    529.009693,
    539.587818
  ],
  "object_26": [
    640.13705,
    677.01205,
    374.684418,
    427.293793
  ]
}