{
  "object_5": [
    0.0,
    1500.0,
    0.0,
    500.0
  ],
  "object_1": [
    0.0,
    1500.1599999999999,
    -249.805,
    749.9109999999998
  ]
}