{"NEW": [0.21944444444444444, 0.462037037037037, 0.44351851851851853, 0.5342592592592592], "POST": [0.5, 0.8175925925925925, 0.44351851851851853, 0.5342592592592592], "swipe": [0.36574074074074076, 0.5712962962962963, 0.5185185185185185, 0.6268518518518519], "up": [0.5740740740740741, 0.6601851851851852, 0.5166666666666667, 0.6212962962962963]}