{"MOMAY": [0.3138888888888889, 0.4083333333333333, 0.08703703703703704, 0.10185185185185185], "GROUP": [0.41944444444444445, 0.5018518518518519, 0.08703703703703704, 0.10185185185185185], "OF": [0.5138888888888888, 0.5444444444444444, 0.08703703703703704, 0.10185185185185185], "COMPANIES": [0.5555555555555556, 0.7074074074074074, 0.08703703703703704, 0.10185185185185185], "OUR": [0.12222222222222222, 0.2657407407407407, 0.13703703703703704, 0.1638888888888889], "SUSTAINABILITY": [0.29444444444444445, 0.8944444444444445, 0.13703703703703704, 0.1638888888888889], "COMMITMENT": [0.2638888888888889, 0.7583333333333333, 0.18333333333333332, 0.2101851851851852], "Sustainable": [0.25462962962962965, 0.34074074074074073, 0.27870370370370373, 0.29074074074074074], "Policies": [0.3453703703703704, 0.40185185185185185, 0.27870370370370373, 0.29074074074074074], "25": [0.31203703703703706, 0.3314814814814815, 0.2972222222222222, 0.30833333333333335], "%": [0.7777777777777778, 0.7898148148148149, 0.36203703703703705, 0.37222222222222223], "Water": [0.19907407407407407, 0.24444444444444444, 0.6277777777777778, 0.6388888888888888], "Conservation": [0.24814814814814815, 0.34629629629629627, 0.6277777777777778, 0.6388888888888888], "16.7": [0.6416666666666667, 0.6685185185185185, 0.7277777777777777, 0.7398148148148148], "Pollution": [0.3925925925925926, 0.4564814814814815, 0.7212962962962963, 0.7324074074074074], "Reduction": [0.65, 0.725, 0.7101851851851851, 0.7212962962962963], "Waste": [0.5981481481481481, 0.6453703703703704, 0.7101851851851851, 0.7212962962962963], "8.3": [0.44722222222222224, 0.46944444444444444, 0.7398148148148148, 0.75], "Clean": [0.7194444444444444, 0.7611111111111111, 0.3388888888888889, 0.3527777777777778], "Energy": [0.7648148148148148, 0.8185185185185185, 0.3398148148148148, 0.3537037037037037], "33.3": [0.7453703703703703, 0.7787037037037037, 0.36203703703703705, 0.37222222222222223], "We": [0.17407407407407408, 0.21481481481481482, 0.8425925925925926, 0.8629629629629629], "have": [0.2222222222222222, 0.27870370370370373, 0.8425925925925926, 0.8629629629629629], "invested": [0.28703703703703703, 0.3888888888888889, 0.8425925925925926, 0.8629629629629629], "$": [0.4, 0.4111111111111111, 0.8425925925925926, 0.8629629629629629], "2B": [0.41388888888888886, 0.44351851851851853, 0.8425925925925926, 0.8629629629629629], "in": [0.4537037037037037, 0.47314814814814815, 0.8425925925925926, 0.8629629629629629], "sustainability": [0.48333333333333334, 0.6472222222222223, 0.8425925925925926, 0.8629629629629629], "efforts": [0.6555555555555556, 0.7388888888888889, 0.8425925925925926, 0.8629629629629629], "to": [0.37777777777777777, 0.4009259259259259, 0.8685185185185185, 0.887962962962963], "date": [0.7814814814814814, 0.8351851851851851, 0.8425925925925926, 0.8629629629629629], ",": [0.8361111111111111, 0.8416666666666667, 0.8425925925925926, 0.8629629629629629], "and": [0.1675925925925926, 0.2101851851851852, 0.8685185185185185, 0.887962962962963], "are": [0.22037037037037038, 0.25833333333333336, 0.8685185185185185, 0.887962962962963], "on": [0.2675925925925926, 0.2953703703703704, 0.8685185185185185, 0.887962962962963], "track": [0.30462962962962964, 0.3675925925925926, 0.8685185185185185, 0.887962962962963], "becoming": [0.4111111111111111, 0.5287037037037037, 0.8685185185185185, 0.887962962962963], "carbon": [0.5388888888888889, 0.6222222222222222, 0.8685185185185185, 0.887962962962963], "net": [0.6324074074074074, 0.6712962962962963, 0.8685185185185185, 0.887962962962963], "-": [0.6722222222222223, 0.6833333333333333, 0.8685185185185185, 0.887962962962963], "zero": [0.6842592592592592, 0.737037037037037, 0.8685185185185185, 0.887962962962963], "by": [0.7462962962962963, 0.775, 0.8685185185185185, 0.887962962962963], "2030": [0.7842592592592592, 0.8490740740740741, 0.8685185185185185, 0.887962962962963], ".": [0.8490740740740741, 0.8555555555555555, 0.8685185185185185, 0.887962962962963], "REFERENCE": [0.3611111111111111, 0.4722222222222222, 0.9268518518518518, 0.9388888888888889], ":": [0.47314814814814815, 0.4777777777777778, 0.9268518518518518, 0.9388888888888889], "INTERNAL": [0.4842592592592593, 0.5814814814814815, 0.9268518518518518, 0.9388888888888889], "REPORT": [0.5879629629629629, 0.6620370370370371, 0.9268518518518518, 0.9388888888888889]}