{"the": [0.46296296296296297, 0.5814814814814815, 0.31203703703703706, 0.40370370370370373], "CIRCLE": [0.15648148148148147, 0.8407407407407408, 0.4583333333333333, 0.5287037037037037], "DESIGN": [0.3111111111111111, 0.47962962962962963, 0.5814814814814815, 0.6046296296296296], "STUDIO": [0.5166666666666667, 0.6888888888888889, 0.5814814814814815, 0.6046296296296296], "EST": [0.4212962962962963, 0.47129629629629627, 0.6518518518518519, 0.6666666666666666], "D": [0.4787037037037037, 0.4925925925925926, 0.6518518518518519, 0.6666666666666666], "2012": [0.5148148148148148, 0.5796296296296296, 0.6537037037037037, 0.6666666666666666]}