{"///////": [0.5583333333333333, 0.9212962962962963, 0.9305555555555556, 0.9861111111111112], "Liceria": [0.05648148148148148, 0.14444444444444443, 0.07314814814814814, 0.09351851851851851], "&": [0.1537037037037037, 0.16944444444444445, 0.075, 0.09351851851851851], "co": [0.1787037037037037, 0.2101851851851852, 0.07592592592592592, 0.09537037037037037], ".": [0.4064814814814815, 0.412962962962963, 0.537962962962963, 0.5583333333333333], "NEW": [0.06018518518518518, 0.18981481481481483, 0.1675925925925926, 0.2324074074074074], "FASHION": [0.058333333333333334, 0.31666666666666665, 0.2611111111111111, 0.3277777777777778], "COLLECTION": [0.05648148148148148, 0.4185185185185185, 0.35648148148148145, 0.42314814814814816], "Orders": [0.05648148148148148, 0.14629629629629629, 0.5009259259259259, 0.525], "placed": [0.15462962962962962, 0.24351851851851852, 0.5018518518518519, 0.5259259259259259], "after": [0.2537037037037037, 0.3194444444444444, 0.5027777777777778, 0.5259259259259259], "3pm": [0.32592592592592595, 0.38055555555555554, 0.5037037037037037, 0.5259259259259259], "are": [0.05555555555555555, 0.1, 0.5370370370370371, 0.5574074074074075], "delivered": [0.10648148148148148, 0.22962962962962963, 0.5370370370370371, 0.5583333333333333], "the": [0.23981481481481481, 0.2833333333333333, 0.5370370370370371, 0.5574074074074075], "next": [0.29259259259259257, 0.3509259259259259, 0.537962962962963, 0.5583333333333333], "day": [0.3574074074074074, 0.4101851851851852, 0.537962962962963, 0.5583333333333333], "Call": [0.05648148148148148, 0.10833333333333334, 0.5712962962962963, 0.5898148148148148], "or": [0.11574074074074074, 0.14351851851851852, 0.5712962962962963, 0.5898148148148148], "order": [0.15, 0.22314814814814815, 0.5712962962962963, 0.5898148148148148], "online": [0.23055555555555557, 0.31203703703703706, 0.5712962962962963, 0.5898148148148148], "now": [0.3212962962962963, 0.37592592592592594, 0.5712962962962963, 0.5898148148148148], "!": [0.3768518518518518, 0.387037037037037, 0.5712962962962963, 0.5898148148148148], "SHOP": [0.10277777777777777, 0.1787037037037037, 0.6888888888888889, 0.7064814814814815], "NOW": [0.18981481481481483, 0.25833333333333336, 0.6888888888888889, 0.7064814814814815], "Contact": [0.05648148148148148, 0.16296296296296298, 0.799074074074074, 0.8185185185185185], "Us": [0.17222222222222222, 0.2064814814814815, 0.8, 0.8175925925925925], ":": [0.2101851851851852, 0.22037037037037038, 0.8, 0.8175925925925925], "123-456-7890": [0.08518518518518518, 0.20833333333333334, 0.8527777777777777, 0.8666666666666667], "\u2192": [0.05740740740740741, 0.07592592592592592, 0.8814814814814815, 0.9], "www.eallygreatsite.com": [0.08425925925925926, 0.30925925925925923, 0.8805555555555555, 0.9009259259259259], "123": [0.08611111111111111, 0.11388888888888889, 0.9111111111111111, 0.9277777777777778], "Anywhere": [0.1175925925925926, 0.21203703703703702, 0.9101851851851852, 0.9287037037037037], "St.": [0.21666666666666667, 0.2388888888888889, 0.9120370370370371, 0.9287037037037037], ",": [0.23981481481481481, 0.24444444444444444, 0.9120370370370371, 0.9287037037037037], "Any": [0.24814814814814815, 0.2861111111111111, 0.9120370370370371, 0.9287037037037037], "City": [0.2898148148148148, 0.3277777777777778, 0.9120370370370371, 0.9296296296296296]}