{"Hello": [0.337037037037037, 0.6555555555555556, 0.3333333333333333, 0.4740740740740741], "Autumn": [0.21481481481481482, 0.7768518518518519, 0.4666666666666667, 0.6564814814814814], "@REALLYGREATSITE": [0.3638888888888889, 0.6351851851851852, 0.6824074074074075, 0.7083333333333334]}